Mom,ID,f.ind,Mi,RGR23,RGR29,RGR11,RGR17,RGR35,expt
20,1,20_1,10.06,0.025898229,0.027109941,0.005986184,NA,NA,July 8 2023
20,2,20_2,10.6,0.016853695,0.013818821,0.00548768,0.007753859,0.032090687,July 8 2023
20,3,20_3,15.38,0.022088755,0.004088818,0.000866786,0.011532761,0.019754271,July 8 2023
20,4,20_4,15.79,0.022522668,0.025983386,0.005692132,0.011410647,0.033942751,July 8 2023
20,5,20_5,10.16,0.027095971,0.001984621,0.011569994,0.003644964,0.022168252,July 8 2023
20,6,20_6,10.1,0.021130797,0.032421272,0.008099404,-0.002617675,0.021088047,July 8 2023
20,7,20_7,8.18,0.026486799,0.025373294,0.002500814,0.011059145,0.030959182,July 8 2023
20,8,20_8,10.36,0.022281839,0.025117272,0.007336374,0.00680446,0.046539501,July 8 2023
20,9,20_9,8.4,0.015623112,0.049559655,0.003913663,0.005901286,0.022638671,July 8 2023
20,10,20_10,9.09,0.011546818,0.037506713,0.009410174,0.002866227,0.030305904,July 8 2023
20,11,20_11,11.35,0.025690756,0.014637098,0.006175143,0.01597423,0.01516026,July 8 2023
20,12,20_12,11.52,0.018896244,0.035746555,-0.003188437,0.016848279,0.036489268,July 8 2023
20,13,20_13,12.26,0.017473088,0.033515843,-0.002171714,0.013186823,0.052045551,July 8 2023
20,14,20_14,17.63,0.0320401,0.020641939,0.005560025,0.006413641,0.031386012,July 8 2023
20,15,20_15,14.62,0.030237516,0.02505319,0.002060777,0.013050456,-0.001240199,July 8 2023
25,1,25_1,8.03,0.021668415,0.02286094,-0.000157559,0.01382436,0.038067611,July 8 2023
25,2,25_2,11.38,0.030810836,0.023852447,0.003654898,0.011961513,0.01653755,July 8 2023
25,3,25_3,7.89,0.016422771,0.041846311,0.004714679,0.013523021,0.008536722,July 8 2023
25,4,25_4,8.51,0.031858628,0.034817744,0.006817191,0.00340091,0.025618187,July 8 2023
25,5,25_5,7.17,0.021073718,0.028784461,0.005767736,0.006128902,0.023381266,July 8 2023
25,6,25_6,7.03,0.018270168,0.036583187,0.004553584,0.010692974,0.028722208,July 8 2023
25,7,25_7,7.87,0.035563484,-0.00026319,0.008647442,0.001370498,0.02617048,July 8 2023
25,8,25_8,10.94,0.02831097,0.011655589,0.010069854,0.004337516,0.04832996,July 8 2023
25,9,25_9,14.26,0.019240874,0.033787085,0.010953044,0.014898015,-0.006613644,July 8 2023
25,10,25_10,6.81,0.01257618,0.034220781,0.01104699,0.010705092,0.006723269,July 8 2023
25,11,25_11,10.14,0.021929537,0.028476732,0.006849673,0.003915391,0.047978923,July 8 2023
25,12,25_12,8,0.030018406,0.020423219,0.004826695,0.012859011,0.055466725,July 8 2023
26,1,26_1,14.6,0.020082825,0.016408948,-0.00178472,0.018793319,0.02805812,July 8 2023
26,2,26_2,16.43,0.026018769,0.014174881,0.004815361,0.005946489,0.043500601,July 8 2023
26,3,26_3,17.71,0.026458267,0.013611264,0.005834224,0.007732039,0.03739515,July 8 2023
26,4,26_4,13.16,0.020992752,0.014717019,0.004012092,0.011195245,0.013341364,July 8 2023
26,5,26_5,17.66,0.010048898,0.040803444,0.001147597,0.012300103,0.010450319,July 8 2023
26,6,26_6,17.79,0.0225721,0.019553371,0.004889332,0.00906676,0.038837063,July 8 2023
26,7,26_7,15.62,0.024486325,0.045636618,0.004588349,0.002646212,0.041627491,July 8 2023
26,8,26_8,13.62,0.023009825,0.03062694,0.004324019,0.008787612,0.008755879,July 8 2023
26,9,26_9,9.18,0.035828147,0.022578805,0.009875173,0.000719504,0.003266575,July 8 2023
26,10,26_10,17.08,0.026253631,0.029850991,0.007064309,0.007261953,0.021786504,July 8 2023
26,11,26_11,18.59,0.038182521,0.022755043,0.004752378,0.007689292,0.025623927,July 8 2023
26,12,26_12,17.7,0.02121624,0.017370444,0.005497638,0.004556601,0.017711866,July 8 2023
27,1,27_1,9.18,0.024895268,0.00349459,0.007520498,0.012852852,0.019837888,July 8 2023
27,2,27_2,10.2,0.026477561,0.026839572,0.001815575,0.014142695,0.026435642,July 8 2023
27,3,27_3,10.53,0.018400559,0.05488115,0.002452983,0.007202373,0.015541025,July 8 2023
27,4,27_4,10.46,0.014845766,0.039192714,0.005031155,0.011055072,0.037380728,July 8 2023
27,5,27_5,11.7,0.023866836,0.016361452,0.009285238,0.009043326,-0.000759796,July 8 2023
27,6,27_6,14.59,0.026276151,0.025956252,0.005876801,0.010027598,-0.001365889,July 8 2023
27,7,27_7,9.89,0.018312739,0.019797024,0.008459344,0.003348303,0.017807318,July 8 2023
27,8,27_8,10.21,0.037092321,0.001511801,0.010258909,-0.001077653,0.017325433,July 8 2023
27,9,27_9,8.55,0.026324067,0.025368531,0.002826881,0.010530857,0.054440077,July 8 2023
27,10,27_10,10.4,0.032410064,0.01499813,0.007481501,-0.002276441,0.066060694,July 8 2023
27,11,27_11,18.96,0.013929459,0.025627236,0.006260056,0.016446472,0.015800732,July 8 2023
27,12,27_12,17.25,0.023367456,0.027624972,0.004016966,0.007057496,0.044448083,July 8 2023
27,13,27_13,7.23,0.016974102,0.025176239,0.001932872,0.015625299,0.040551261,July 8 2023
27,14,27_14,10.29,0.015768119,0.038116404,0.005161117,0.011441221,0.013393992,July 8 2023
27,15,27_15,9.33,0.013177979,0.024279092,0.003920332,0.015160449,0.042544529,July 8 2023
27,16,27_16,10.83,0.019418824,0.033356539,0.008185005,0.006890077,0.011211936,July 8 2023
28,1,28_1,19.46,0.021768744,0.047959415,0.004512166,0.003763687,0.026989039,July 8 2023
28,2,28_2,12.88,0.02492284,0.030890014,0.010543519,0.008726263,0.012245184,July 8 2023
28,3,28_3,9.34,0.037660258,0.060884029,0.002109706,0.004538734,0.026218059,July 8 2023
28,4,28_4,10.82,0.012872239,0.021639159,0.010509363,9.1100545921199e-05,0.039402702,July 8 2023
28,5,28_5,10.53,0.019669668,0.026798412,0.00642387,0.011084707,0.045228252,July 8 2023
28,6,28_6,12.8,0.022101663,0.025357072,-0.002596924,0.029155358,0.016071095,July 8 2023
28,7,28_7,10.32,0.009955702,0.018852937,0.009566743,0.011439405,0.010418672,July 8 2023
28,8,28_8,12.89,0.028839703,0.034482718,0.001616133,0.008560588,0.023312844,July 8 2023
28,9,28_9,9.2,0.023896387,0.015828549,0.003408115,0.004714096,0.037354394,July 8 2023
28,10,28_10,9.62,0.034055218,0.022754618,0.001146254,0.005428514,0.056592563,July 8 2023
28,11,28_11,9.68,0.02386945,0.020103584,0.004421308,0.005068433,0.02289187,July 8 2023
28,12,28_12,10,0.01571232,0.032817397,0.003057753,0.001450572,0.033122192,July 8 2023
28,13,28_13,10.53,0.027234296,0.034074122,0.00577835,-0.004794723,0.014868207,July 8 2023
28,14,28_14,16.69,0.022836389,0.023710257,0.01011665,0.005254293,0.027103071,July 8 2023
28,15,28_15,10.92,0.024798422,0.032157698,0.008036579,0.005365031,0.012384128,July 8 2023
28,16,28_16,7.61,0.024745151,0.027346886,0.00881575,-0.001281977,0.04047861,July 8 2023
29,1,29_1,9.1,0.019271308,0.028925672,0.005768748,0.010612274,0.0146175,July 8 2023
29,2,29_2,13.55,0.030702562,0.015129252,0.003243172,0.009353533,0.010689551,July 8 2023
29,3,29_3,9.24,0.024074155,0.031504183,0.005521567,0.001405906,0.041688487,July 8 2023
29,4,29_4,14.82,0.011932874,0.02335139,0.006147111,0.009804426,0.021359719,July 8 2023
29,5,29_5,11.46,0.023315277,0.022817361,0.005852575,0.005808802,0.031567645,July 8 2023
29,6,29_6,19.35,0.026557947,0.020492763,0.002472556,0.012475319,0.026127742,July 8 2023
29,7,29_7,12.36,0.028763634,0.018777273,0.000272701,0.021228208,0.023390912,July 8 2023
29,8,29_8,12.75,0.0271084,0.036516185,0.008228935,0.002270115,0.010023872,July 8 2023
29,9,29_9,10.9,0.03569052,0.029548637,0.001454264,0.012533617,0.014189261,July 8 2023
29,10,29_10,12.66,0.032253391,0.014846847,0.009401777,0.004131815,0.013557504,July 8 2023
29,11,29_11,10.25,0.02951701,0.015144766,0.009209855,0.00216143,0.030324783,July 8 2023
29,12,29_12,9.43,0.02319633,0.019314907,0.003366063,0.009702124,-0.003667852,July 8 2023
29,13,29_13,8.09,0.035984849,0.046925669,0.003376203,0.006903192,-0.002268359,July 8 2023
20b,1,20b_1,8.5,0.026702655,-0.006398735,0.001399363,0.025628184,0.002413858,July 8 2023
20b,2,20b_2,11.98,0.016139496,0.020820079,0.00102267,0.014279153,0.024480793,July 8 2023
20b,3,20b_3,16.15,0.022670137,0.023206587,0.007764644,0.005267553,0.051216745,July 8 2023
20b,4,20b_4,10.81,0.012687646,0.043422523,0.00380871,0.014700614,0.019184444,July 8 2023
20b,5,20b_5,12.04,0.028956514,0.030896765,0.00042524,0.011161675,0.028531881,July 8 2023
20b,6,20b_6,14.5,0.027036235,0.022648772,0.00416088,0.005047739,0.033741064,July 8 2023
20b,7,20b_7,12.84,0.017314987,0.012074569,0.006146088,-0.015925841,NA,July 8 2023
20b,8,20b_8,14.76,0.023044128,0.026723885,0.006377926,0.003924478,0.033092443,July 8 2023
20b,9,20b_9,10.45,0.021683596,0.026752568,0.006519761,-0.001285411,0.039895274,July 8 2023
20b,10,20b_10,16.65,0.022584906,0.009099958,0.00620114,0.017573153,0.013080276,July 8 2023
20b,11,20b_11,12.12,0.016890158,0.040491508,0.002698615,0.017484799,0.004162868,July 8 2023
20b,12,20b_12,16.21,0.005357908,0.0253558,0.006212896,0.009937557,0.015676573,July 8 2023
20b,13,20b_13,8.94,0.012709205,0.047317601,0.00157484,0.001626098,0.036375509,July 8 2023
20b,14,20b_14,9.02,0.022342919,0.027174573,0.005470467,0.006810207,0.035305912,July 8 2023
20b,15,20b_15,7.23,0.021769828,0.038741116,0.000528743,0.008783117,0.028693927,July 8 2023
21,1,21_1,13.63,0.030302948,0.02694684,0.012109014,-0.00059378,0.028628165,July 8 2023
21,2,21_2,11.17,0.013397691,0.027511526,0.002848734,0.00472689,0.030977862,July 8 2023
21,3,21_3,11.02,0.024844927,0.020708208,0.007927911,0.011858327,-0.006424593,July 8 2023
21,4,21_4,12.59,0.024794265,0.022906707,0.004514261,0.015383324,0.012313541,July 8 2023
21,5,21_5,11.18,0.0292533,0.021441586,0.008819266,-0.000792938,0.035535183,July 8 2023
21,6,21_6,13.54,0.010594694,0.011945745,0.008730881,0.01049621,0.018366674,July 8 2023
21,7,21_7,15.24,0.03426423,0.020825073,0.00486413,0.007916053,0.031254969,July 8 2023
21,8,21_8,9.37,0.032997226,0.007770615,0.00268362,0.010888625,0.016971056,July 8 2023
21,9,21_9,8.69,0.018406336,0.030749073,0.004160279,0.015747426,0.034780228,July 8 2023
21,10,21_10,11.09,0.026507851,0.040644606,0.001115811,0.019054244,0.012758076,July 8 2023
21,11,21_11,8.79,0.032122423,0.026055984,0.002607669,0.0035362,0.06475589,July 8 2023
21,12,21_12,9.56,0.037244421,0.030490211,0.006162888,-0.010120888,0.030641578,July 8 2023
21,13,21_13,9.08,0.016900597,0.028023798,0.006859088,0.00145569,0.042852892,July 8 2023
21,14,21_14,8.37,0.022145658,0.024673004,0.003640963,-0.003659726,-0.00944721,July 8 2023
21,15,21_15,8,0.030075549,0.040520671,0.00538106,-0.000574145,0.054277848,July 8 2023
22,1,22_1,10.49,0.0280004,0.05054838,0.003383729,-0.001040939,0.025294249,July 8 2023
22,2,22_2,9.04,0.033369563,0.040492133,0.001003718,0.009112943,0.044012379,July 8 2023
22,3,22_3,8.89,0.044559465,0.031200038,0.000876992,0.012274831,0.027031661,July 8 2023
22,4,22_4,10.49,0.02979612,0.024915594,0.003721968,0.006748099,0.014894674,July 8 2023
22,5,22_5,8.45,0.009002173,0.049068802,0.003867953,-0.002264598,0.040146937,July 8 2023
22,6,22_6,11.32,0.03404074,0.039119254,-0.00093406,0.017063421,0.021601443,July 8 2023
22,7,22_7,14.14,0.044914466,0.028829774,0.005927711,0.004334592,0.024027134,July 8 2023
22,8,22_8,10.63,0.034910962,0.034111706,0.003406412,0.007669622,0.034663567,July 8 2023
22,9,22_9,10.46,0.030010966,0.022862329,0.007052197,0.003653505,0.040265356,July 8 2023
22,10,22_10,16.66,0.029086315,0.032914164,0.006072945,-0.007698014,0.045272961,July 8 2023
22,11,22_11,6.86,0.023546853,0.034483328,0.000299134,0.015333709,0.019735742,July 8 2023
22,12,22_12,9.82,0.03787017,0.039498067,0.001559249,0.013559223,0.020634172,July 8 2023
22,13,22_13,7.98,0.041603049,0.014476167,0.001287531,0.012617105,0.040423749,July 8 2023
22,14,22_14,6.67,0.028014831,0.045631661,0.006730671,0.009148741,0.031855812,July 8 2023
22,15,22_15,8.17,0.045823646,0.037752164,0.004092092,0.012007367,0.008568165,July 8 2023
22,16,22_16,10.41,0.051849544,0.017577806,0.006105694,0.013749445,0.031626025,July 8 2023
23,1,23_1,12.03,0.013436822,0.024517131,0.007282668,0.001485781,0.054135717,July 8 2023
23,2,23_2,9.28,0.030757287,0.029884367,-0.000872213,0.01421896,0.015701994,July 8 2023
23,3,23_3,17.9,0.017017059,0.029314778,0.008522474,0.007809892,0.035317682,July 8 2023
23,4,23_4,12.6,0.019162222,0.023150822,0.007174226,0.002039867,0.031082208,July 8 2023
23,5,23_5,17.4,0.026919521,0.031607287,0.005728565,0.00334779,0.023878854,July 8 2023
23,6,23_6,13.49,0.009553578,0.025444216,0.005641541,0.005628044,0.017112019,July 8 2023
23,7,23_7,11.27,0.022648567,0.040345768,-0.001448654,0.008851541,0.019872639,July 8 2023
23,8,23_8,11.51,0.021910083,0.027288304,0.010140981,0.002320322,0.04160276,July 8 2023
25b,1,25b_1,12.19,0.033675837,0.022439675,0.005857918,0.003378187,0.026896463,July 8 2023
25b,2,25b_2,12.9,0.023442117,0.026731231,0.00557292,0.007872908,0.029038525,July 8 2023
25b,3,25b_3,17.6,0.007454176,0.004170764,0.008322125,0.000419142,0.037596942,July 8 2023
25b,4,25b_4,14.74,0.044886826,0.021169134,0.007721774,8.03589775939237e-05,0.022585611,July 8 2023
25b,5,25b_5,16.8,0.008341644,0.030749087,0.008053138,0.00409739,0.005721743,July 8 2023
25b,6,25b_6,13.25,0.02221075,0.035566527,0.00619777,0.002597423,0.010223359,July 8 2023
25b,7,25b_7,6.46,0.032467376,0.034911784,0.007063489,0.017938083,0.00815394,July 8 2023
25b,8,25b_8,11.24,0.021908628,0.027914567,0.006279634,0.003591121,0.049017089,July 8 2023
25b,9,25b_9,14.04,0.024056143,0.028189708,0.00275759,0.008908275,0.029834221,July 8 2023
25b,10,25b_10,9.38,0.020388808,0.050798864,0.004991482,0.002062087,0.029843633,July 8 2023
25b,11,25b_11,9.65,0.035452567,0.045765087,0.001455679,0.006142202,0.015338457,July 8 2023
25b,12,25b_12,9.74,0.02687657,0.001618793,0.015085969,0.001903059,0.024139908,July 8 2023
25b,13,25b_13,7.99,0.023578204,0.03338031,0.007312193,0.007134895,0.012586779,July 8 2023
25b,14,25b_14,7.3,0.040006608,0.034921612,0.002255991,0.009628687,0.038978128,July 8 2023
30,1,30_1,8.72,0.033302771,0.013217431,0.008493372,0.010634961,0.002190243,July 8 2023
30,2,30_2,10.16,0.031524098,0.041030623,0.003784164,0.011135083,0.02841916,July 8 2023
30,3,30_3,9.95,0.012956708,0.03506865,0.004147094,0.001691837,0.027302433,July 8 2023
30,4,30_4,11.48,0.019273892,0.029834997,0.008622718,-0.001219863,0.030752393,July 8 2023
30,5,30_5,10.14,0.018647133,0.035948265,0.00634335,0.006554177,0.043088608,July 8 2023
30,6,30_6,17.39,0.019440938,0.014737504,0.011791182,0.007548153,0.024390318,July 8 2023
30,7,30_7,12.48,0.025747973,0.042955755,0.00358152,0.006207521,-0.000471888,July 8 2023
30,8,30_8,15.01,0.020204433,0.025368085,0.00777528,0.008659357,0.024735637,July 8 2023
30,9,30_9,9.29,0.021361723,0.050978257,0.001487611,0.007176921,0.024759318,July 8 2023
30,10,30_10,15.43,0.031901105,0.018677124,0.007181371,0.00840099,0.011116736,July 8 2023
30,11,30_11,12.71,0.026743748,0.021603315,0.006275697,0.009654185,0.014285738,July 8 2023
30,12,30_12,11.58,0.025383942,0.024081678,0.007617078,-0.000486788,0.031521226,July 8 2023
30,13,30_13,9.26,0.036078814,0.017605678,0.005124703,0.017490381,0.004278182,July 8 2023
30,14,30_14,12.44,0.019591472,0.038396678,0.005079851,0.010775261,0.031812077,July 8 2023
30,15,30_15,8.87,0.026192581,0.040647115,0.006022434,0.008343285,0.010619552,July 8 2023
30,16,30_16,14.19,0.026924059,0.026487983,0.008261865,0.01419254,0.019069168,July 8 2023
33,1,33_1,10.54,0.024779621,0.025293524,0.004253122,-0.005057549,0.037325044,July 8 2023
33,2,33_2,17.37,0.019787314,0.022609403,0.006625754,0.006377108,0.02610946,July 8 2023
33,3,33_3,8.41,0.033088763,0.022784946,0.00778754,-0.000717846,0.038122607,July 8 2023
33,4,33_4,16.62,0.011201321,0.049656198,0.003502455,0.011115498,0.000423814,July 8 2023
33,5,33_5,12.14,0.018901204,0.036294016,0.00572348,0.013435562,0.022050473,July 8 2023
33,6,33_6,10.44,0.018363162,0.02850568,0.004468561,0.001721128,0.049118317,July 8 2023
33,7,33_7,9.64,0.035395492,0.006890461,0.010442227,0.00107833,0.025564059,July 8 2023
33,8,33_8,10.52,0.021119356,0.042982706,0.003673878,0.003270292,0.039241379,July 8 2023
33,9,33_9,14.1,0.021622219,0.029120258,0.009906004,0.005425687,0.026074985,July 8 2023
33,10,33_10,7.68,0.034857295,0.017768629,0.005262282,-0.004317088,0.051400318,July 8 2023
33,11,33_11,10.81,0.023749693,0.017947235,0.007429487,0.003283374,0.004715909,July 8 2023
33,12,33_12,15.02,0.015775946,0.042910213,0.005953955,-0.00130623,0.043155122,July 8 2023
33,13,33_13,10.89,0.022573917,0.055976886,0.006272523,0.001507367,0.007870069,July 8 2023
34,1,34_1,10.69,0.032452101,0.053633794,0.003312102,0.000303525,0.016015905,July 8 2023
34,2,34_2,16.14,0.032762922,0.027459453,0.004108026,0.007440664,0.03827514,July 8 2023
34,3,34_3,16.12,0.031907663,0.001593757,0.003259774,0.009036614,0.024348871,July 8 2023
34,4,34_4,8.51,NA,NA,NA,NA,NA,July 8 2023
34,5,34_5,10.76,0.028419636,0.017772347,0.009816616,0.011616188,0.020005438,July 8 2023
34,6,34_6,15.37,0.027758905,0.032869933,0.001801146,0.020850843,-0.00964142,July 8 2023
34,7,34_7,13.82,0.029050545,0.038104112,0.00041372,0.000219244,0.049666093,July 8 2023
34,8,34_8,14.79,0.03489053,0.031778544,0.007688505,0.014385998,0.013654389,July 8 2023
34,9,34_9,13,0.027675461,0.033930407,0.003013788,0.015485685,0.019073378,July 8 2023
34,10,34_10,10.26,0.034079825,0.0232234,0.004804934,0.012937899,0.010625948,July 8 2023
34,11,34_11,13.61,0.020819706,0.021772556,0.002210698,0.008566461,0.035302088,July 8 2023
34,12,34_12,8.94,0.02339887,0.0246995,0.007528436,-0.005456221,0.052645248,July 8 2023
34,13,34_13,9.26,0.015526984,0.031814361,0.003288842,0.01061494,0.016445686,July 8 2023
35,1,35_1,14.47,0.024141918,0.038310628,0.002826115,0.021012475,0.022761911,July 8 2023
35,2,35_2,15.19,0.019368586,0.035604723,0.005010849,0.006702917,0.040179165,July 8 2023
35,3,35_3,13.89,0.024608523,0.043367969,0.0040149,0.009186397,0.022024197,July 8 2023
35,4,35_4,12.25,0.023471842,0.032286607,0.005483884,0.010641021,0.019538838,July 8 2023
35,5,35_5,18.53,0.022658287,0.041439008,0.004467671,0.013257215,0.011351911,July 8 2023
35,6,35_6,11.95,0.025010058,0.041259879,0.001239546,0.006559071,0.028848212,July 8 2023
35,7,35_7,10.01,0.022362815,0.025696053,0.002446122,0.016647422,0.040312167,July 8 2023
35,8,35_8,10.39,0.025059522,0.023623249,0.004343306,0.010923081,0.01054648,July 8 2023
36,1,36_1,17.01,0.023808684,0.031407055,0.004830949,0.01229408,0.010820267,July 8 2023
36,2,36_2,8.61,0.041514051,0.030926184,0.008470168,0.018220263,0.016462055,July 8 2023
36,3,36_3,13.11,0.037802303,0.045244221,0.003736583,0.013077746,0.027138059,July 8 2023
36,4,36_4,11.85,0.050225317,0.029325449,0.002095546,0.00997479,0.041808191,July 8 2023
36,5,36_5,16.56,0.016905159,0.034914023,0.003653449,0.011587328,0.016107315,July 8 2023
36,6,36_6,13.99,0.003587645,0.015741216,-0.001509138,0.014082643,0.023304331,July 8 2023
36,7,36_7,17.43,0.02762473,0.027095157,0.002466786,0.012448172,0.025127345,July 8 2023
36,8,36_8,17.87,0.039915863,0.019499038,0.008681661,-0.001225465,0.026734624,July 8 2023
36,9,36_9,15.38,0.038965245,0.01729339,0.002892366,0.011852348,0.034602673,July 8 2023
36,11,36_11,10.25,0.026885215,0.022030641,0.005947756,0.012463049,-0.001420076,July 8 2023
36,12,36_12,15.49,0.020679542,0.033492759,0.003429983,0.011700911,0.02438265,July 8 2023
36,13,36_13,14.14,0.017806397,0.031770999,0.003833948,0.0081118,0.029350226,July 8 2023
30Jul_1,1,30Jul_1_1,10.83,0.027486438,0.013088276,0.00457996,0.010145752,0.02577377,July 30 2023
30Jul_1,2,30Jul_1_2,10.17,0.022484089,0.026855887,0.006794163,0.001687226,0.010979125,July 30 2023
30Jul_1,3,30Jul_1_3,14.16,0.015014322,0.03361504,0.003830766,0.009759613,0.01754125,July 30 2023
30Jul_1,4,30Jul_1_4,9.33,0.01718463,0.030892545,0.001444164,0.016581993,0.011345511,July 30 2023
30Jul_1,5,30Jul_1_5,13.29,0.022829717,0.011858718,0.003707242,0.018489496,-0.003657537,July 30 2023
30Jul_2,1,30Jul_2_1,12.79,0.030446603,0.015551465,0.013891484,0.00214855,0.006193024,July 30 2023
30Jul_2,2,30Jul_2_2,20.54,0.013175077,0.02228884,0.001915188,0.013635035,0.012046465,July 30 2023
30Jul_2,3,30Jul_2_3,17.63,0.01428994,0.030696351,0.003481139,0.005152636,0.003834403,July 30 2023
30Jul_2,4,30Jul_2_4,12.07,0.01295791,0.022163453,0.003913453,0.012656422,0.009382702,July 30 2023
30Jul_2,5,30Jul_2_5,10.54,0.020411625,0.021924868,0.00127337,0.010545823,0.028563224,July 30 2023
30Jul_2,6,30Jul_2_6,12.79,0.012872987,0.028142439,0.007955618,0.005799018,0.009726668,July 30 2023
30Jul_3,1,30Jul_3_1,9.26,0.029312454,0.015383716,0.005328919,0.017467287,0.025509107,July 30 2023
30Jul_3,2,30Jul_3_2,14.25,0.025952474,0.029129709,0.005235266,0.007009406,0.015455318,July 30 2023
30Jul_3,3,30Jul_3_3,15.07,0.027247464,0.022304963,0.006536878,0.005052115,0.024213582,July 30 2023
30Jul_3,4,30Jul_3_4,10.93,0.016866346,0.021700333,0.002748047,0.004809411,0.024461909,July 30 2023
30Jul_4,1,30Jul_4_1,18.42,NA,NA,NA,NA,NA,July 30 2023
30Jul_4,2,30Jul_4_2,13.89,0.013691775,0.007329167,-2.15E-05,0.014974072,0.011044236,July 30 2023
30Jul_4,3,30Jul_4_3,13.95,0.017604515,0.030941709,0.003054762,0.014679997,0.000720459,July 30 2023
30Jul_4,4,30Jul_4_4,13.32,0.032037409,0.025815576,-0.00125082,0.011859964,0.006896631,July 30 2023
30Jul_4,5,30Jul_4_5,9.46,0.010731282,0.027862523,0.005782881,0.001307849,0.01747859,July 30 2023
30Jul_4,6,30Jul_4_6,14.87,0.016718512,0.022470114,0.00357587,0.003723246,0.012383536,July 30 2023
30Jul_4,7,30Jul_4_7,13.76,0.023519432,0.017696549,0.007303404,0.002861642,0.021499367,July 30 2023
30Jul_4,8,30Jul_4_8,9.91,0.031901509,0.017531628,0.001210131,0.016979841,0.018815214,July 30 2023
30Jul_4,9,30Jul_4_9,8.61,0.025186069,0.006619715,0.008208394,0.008810877,-0.001385855,July 30 2023
30Jul_4,10,30Jul_4_10,11.07,0.029055037,0.018084173,0.001196514,0.005338746,0.029777559,July 30 2023
30Jul_4,11,30Jul_4_11,10.67,0.016952223,0.027773567,0.004567396,0.00669814,0.016681259,July 30 2023
30Jul_5,1,30Jul_5_1,15.99,0.026725204,0.011544117,0.008498036,0.004345747,0.011962444,July 30 2023
30Jul_5,2,30Jul_5_2,17.8,0.018590281,0.01353076,0.007802167,0.006716989,-0.008398217,July 30 2023
30Jul_5,3,30Jul_5_3,18.39,0.025101136,0.011849654,0.00309466,0.010035737,0.013859183,July 30 2023
30Jul_5,4,30Jul_5_4,15.94,0.02393725,0.029732789,-0.00053,0.009265157,0.010917846,July 30 2023
30Jul_5,5,30Jul_5_5,14.74,0.017744696,0.003607011,0.003479232,0.006800327,0.011847372,July 30 2023
30Jul_5,6,30Jul_5_6,9.63,-0.004589967,0.036816978,0.003696988,0.007907062,0.017520474,July 30 2023
30Jul_5,7,30Jul_5_7,13.1,0.018696061,0.021466845,0.004424799,0.016733607,0.010109983,July 30 2023
30Jul_5,8,30Jul_5_8,9.95,0.015822207,-0.004321659,0.00012773,0.017462872,0.003464124,July 30 2023
30Jul_5,9,30Jul_5_9,9.48,0.022467127,0.009666508,0.008835275,0.002631026,0.012200573,July 30 2023
30Jul_5,10,30Jul_5_10,19.77,0.024634463,0.018276011,0.004506526,0.014285292,0.014988035,July 30 2023
30Jul_5,11,30Jul_5_11,14.48,0.013990025,0.025721985,0.0074856,0.011967017,0.002169275,July 30 2023
30Jul_6,1,30Jul_6_1,9.53,0.020397728,0.017839752,0.005316488,0.001312612,0.015904482,July 30 2023
30Jul_6,2,30Jul_6_2,9.14,0.023212778,0.038117569,0.005297738,0.010418289,0.01427334,July 30 2023
30Jul_6,3,30Jul_6_3,16.57,0.022132668,0.01218937,0.008016914,0.009029067,0.026392176,July 30 2023
30Jul_6,4,30Jul_6_4,13.34,0.036863465,0,0.002940833,0.020194567,0.008486913,July 30 2023
30Jul_6,5,30Jul_6_5,11.74,0.020268343,0.023729919,0.005097606,0.00952171,0.019945431,July 30 2023
30Jul_6,6,30Jul_6_6,10.09,0.028712116,0.005451368,0.002996869,0.013867911,0.019191279,July 30 2023
30Jul_6,7,30Jul_6_7,13.76,0.031134115,0.026263623,0.002466784,0.008552997,0.012675311,July 30 2023
30Jul_6,8,30Jul_6_8,12.54,0.01214723,0.016031245,0.002619495,0.013668876,0.006326617,July 30 2023
30Jul_6,9,30Jul_6_9,9.42,0.005914621,0.025981762,0.005622105,0.002601914,0.020762779,July 30 2023
30Jul_6,10,30Jul_6_10,10.38,0.022087033,0.018410965,0.003071783,0.014773059,0.015255401,July 30 2023
30Jul_6,11,30Jul_6_11,10.63,0.017968821,0.014078628,0.00114352,-0.004984843,-0.011132202,July 30 2023
30Jul_9,1,30Jul_9_1,6.82,0.032037473,0.021627759,0.003616917,0.011758543,0.019072805,July 30 2023
30Jul_9,2,30Jul_9_2,13.5,0.014233534,0.023285806,0.005662842,0.01326832,0.007566491,July 30 2023
30Jul_9,3,30Jul_9_3,8.99,0.046200346,0.024471315,0.007381491,-0.000739702,0.024282485,July 30 2023
30Jul_9,4,30Jul_9_4,15.94,0.049649964,0.008044785,0.002928941,0.010128948,0.016677346,July 30 2023
30Jul_9,5,30Jul_9_5,19.34,0.008435844,0.036715931,0.003456869,0.010166663,0.006966461,July 30 2023
30Jul_9,6,30Jul_9_6,18.43,0.021704718,0.014609305,-0.00157679,0.021336181,0.004960649,July 30 2023
30Jul_9,7,30Jul_9_7,6.76,0.041413939,0.027121753,-0.001403544,0.007559535,0.030220731,July 30 2023
30Jul_10,1,30Jul_10_1,14.35,0.030441347,0.002337673,0.000987853,0.007090902,0.016205968,July 30 2023
30Jul_10,2,30Jul_10_2,18.37,0.020735865,0.012351545,0.008319383,0.009548184,0.007860029,July 30 2023
30Jul_10,3,30Jul_10_3,13.93,0.025029858,0.022133769,0.007344385,0.007914158,0.012723269,July 30 2023
30Jul_10,4,30Jul_10_4,17.07,0.028195468,0.033757694,0.000243038,0.00523647,0.021714166,July 30 2023
30Jul_10,5,30Jul_10_5,10.85,0.021795812,0.021376309,0.006169029,0.012188961,0.017571969,July 30 2023
30Jul_10,6,30Jul_10_6,9.61,0.02283668,0.01023957,0.004646983,0.013588554,0.004117507,July 30 2023
30Jul_10,7,30Jul_10_7,12.21,0.030372039,0.026139867,0.004296438,0.00774496,0.010944375,July 30 2023
30Jul_10,8,30Jul_10_8,18.4,0.026452292,0.033016164,0.002623263,0.010598872,0.014496519,July 30 2023
30Jul_10,9,30Jul_10_9,13.23,0.02183079,0.028259415,0.002125144,0.015260035,0.022498181,July 30 2023
30Jul_10,10,30Jul_10_10,16.32,0.026848513,0.019339299,0.008824178,0.010374799,0.007830848,July 30 2023
30Jul_10,11,30Jul_10_11,15.93,0.022857092,0.011587369,0.009236414,0.005732975,0.005528775,July 30 2023
30Jul_12,1,30Jul_12_1,11.55,0.03704703,0.017100264,0.007276402,0.010223806,0.008160962,July 30 2023
30Jul_12,2,30Jul_12_2,18.88,0.029315017,0.02162907,0.002926067,0.008464959,0.020708019,July 30 2023
30Jul_12,3,30Jul_12_3,17.4,0.026097381,0.001430751,0.004100409,0.00968415,0.003320826,July 30 2023
30Jul_12,4,30Jul_12_4,18.07,0.038169165,0.02228343,0.002480593,0.008131778,-0.005522418,July 30 2023
30Jul_12,5,30Jul_12_5,15.09,0.042904634,0.007050811,0.008230342,0.006916827,0.01464718,July 30 2023
30Jul_12,6,30Jul_12_6,13.5,0.036950996,0.011211783,0.006062493,0.004919986,0.002356155,July 30 2023
30Jul_12,7,30Jul_12_7,18.46,NA,0.006734483,0.006696247,0.011469638,0.007242663,July 30 2023
30Jul_14,1,30Jul_14_1,14.31,NA,0.034316665,-0.003382541,0.001812235,0.017168952,July 30 2023
30Jul_14,2,30Jul_14_2,10.76,NA,0.010633733,0.003634946,0.016464232,0.012061695,July 30 2023
30Jul_14,3,30Jul_14_3,13.01,NA,0.021954038,0.003931556,0.005938775,0.012845255,July 30 2023
30Jul_14,4,30Jul_14_4,14.15,NA,0.015990782,0.00197695,0.017878385,0.010243636,July 30 2023
30Jul_14,5,30Jul_14_5,17.97,NA,0.007603481,-0.000205161,0.006081086,-0.005524859,July 30 2023
30Jul_14,6,30Jul_14_6,9.03,NA,0.024640025,0.000792061,0.013956752,0.019665781,July 30 2023
30Jul_14,7,30Jul_14_7,14.27,NA,0.020389619,0.003280173,0.00217127,0.023300433,July 30 2023
30Jul_14,8,30Jul_14_8,13.75,NA,0.017026913,0.004402672,0.006681531,0.020800057,July 30 2023
30Jul_14,9,30Jul_14_9,14.14,NA,0.022274746,-0.002222302,0.004260493,0.020453688,July 30 2023
30Jul_14,10,30Jul_14_10,10.3,NA,0.011907023,0.001720807,0.011282528,0.022065942,July 30 2023
30Jul_14,11,30Jul_14_11,9.11,NA,0.034586442,-0.000894853,0.013768457,0.015038356,July 30 2023
30Jul_17,1,30Jul_17_1,14.2,0.015771934,0.014083789,0.009828122,0.006760781,0.003446838,July 30 2023
30Jul_17,2,30Jul_17_2,8.34,0.034313397,0.020780925,0.002386064,0.014498825,0.023686036,July 30 2023
30Jul_17,3,30Jul_17_3,8.45,0.036955798,0.024055161,0.007178543,0.015069689,0.010347476,July 30 2023
30Jul_17,4,30Jul_17_4,10.4,0.031775967,0.013808316,0.005072351,0.015550255,0.016211369,July 30 2023
30Jul_17,5,30Jul_17_5,8.2,0.021583604,0.016984582,0.007824842,0.008453532,0.018895495,July 30 2023
30Jul_17,6,30Jul_17_6,13.23,0.034696098,0.016489119,0.008431665,0.009425367,0.00554288,July 30 2023
30Jul_17,7,30Jul_17_7,10.44,0.038446692,0.006301217,0.005977374,0.011690996,0.010840603,July 30 2023
30Jul_17,8,30Jul_17_8,8.4,0.038674299,0.012070378,0.00671933,0.003715572,0.017856325,July 30 2023
30Jul_17,9,30Jul_17_9,6.08,0.041632923,0.018172599,0.01046194,0.003853466,0.00730662,July 30 2023
30Jul_17,10,30Jul_17_10,12.1,0.030620002,0.021271619,0.00139118,0.01898909,0.016279404,July 30 2023
30Jul_17,11,30Jul_17_11,17.63,0.020463195,0.021304342,0.003549709,0.017244689,0.012163337,July 30 2023
30Jul_18,1,30Jul_18_1,14.91,0.011755687,0.015512675,0.0040826,0.008542744,0.016576547,July 30 2023
30Jul_18,2,30Jul_18_2,16:15,NA,0.013212848,0.002832374,0.01365211,0.01301401,July 30 2023
30Jul_18,3,30Jul_18_3,10.22,NA,0.022318242,0.000751803,0.012457236,0.013436653,July 30 2023
30Jul_18,4,30Jul_18_4,6.29,NA,0.010390556,0.004580702,0.007400922,0.028412843,July 30 2023
30Jul_18,5,30Jul_18_5,15.41,NA,0.021678762,0.005379495,0.005998455,0.007692695,July 30 2023
30Jul_18,6,30Jul_18_6,9.21,NA,0.008869552,0.007430222,0.003495633,0.001759789,July 30 2023
30Jul_18,7,30Jul_18_7,13.99,NA,0.010596542,0.005263633,0.002589949,0.006074573,July 30 2023
30Jul_18,8,30Jul_18_8,15.73,NA,0.021777058,0.002155482,0.008033357,0.008247346,July 30 2023
30Jul_18,9,30Jul_18_9,9.79,NA,0.011713281,0.005553608,0.008295716,0.00162147,July 30 2023
30Jul_18,10,30Jul_18_10,16.82,NA,-0.004307022,0.003364243,0.008608505,0.005919978,July 30 2023
30Jul_18,11,30Jul_18_11,17.8,NA,0.004568443,0.001000496,0.012771506,0.009153639,July 30 2023
30Jul_19,1,30Jul_19_1,11.45,NA,0.022393733,0.006363171,0.00997746,0.023530298,July 30 2023
30Jul_19,2,30Jul_19_2,16.46,NA,0.001479419,-0.002094052,0.009020725,0.025495984,July 30 2023
30Jul_19,3,30Jul_19_3,18.7,0.025661963,0.007560926,0.007228452,0.00504371,0.00868265,July 30 2023
30Jul_19,4,30Jul_19_4,15.67,0.029572818,-0.001426969,0.007488534,0.011878188,0.012159488,July 30 2023
30Jul_19,5,30Jul_19_5,19.55,0.027439091,0.018742218,0.005295832,0.014480094,0.001385276,July 30 2023
30Jul_19,6,30Jul_19_6,17.47,0.016308224,0.008489366,0.005818669,0.007102823,0.018489755,July 30 2023
30Jul_19,7,30Jul_19_7,10.74,0.019444814,0.011229396,0.008168296,0.011713909,-0.002316324,July 30 2023
30Jul_19,8,30Jul_19_8,12.19,0.03194258,0.003618206,0.007108808,0.00949112,0.014932671,July 30 2023
30Jul_19,9,30Jul_19_9,12.31,0.026098294,0.018524418,0.006967581,-0.006777678,0.02648916,July 30 2023
30Jul_19,10,30Jul_19_10,10.74,0.035938938,0.01853318,0.001139272,0.015676906,-7.02E-05,July 30 2023
30Jul_20,1,30Jul_20_1,17.62,0.017222725,0.013386917,0.003817928,0.011772178,0.016424476,July 30 2023
30Jul_20,2,30Jul_20_2,11.08,0.009891106,0.033874038,-0.00416407,-0.004133514,-0.011641426,July 30 2023
30Jul_20,3,30Jul_20_3,10.68,0.022596187,0.026744336,0.004418665,0.005473851,0.019418539,July 30 2023
30Jul_20,4,30Jul_20_4,12.2,0.023356061,0.024176142,0.007554202,0.00857254,0.021552655,July 30 2023
30Jul_20,5,30Jul_20_5,9.54,0.04542342,0.020621913,-0.005294119,0.000165912,0.028634443,July 30 2023
30Jul_20,6,30Jul_20_6,8.82,0.027081652,0.023668378,0.004586984,0.011867661,0.039739303,July 30 2023
30Jul_20,7,30Jul_20_7,10.69,0.033265181,0.013587645,0.00468163,0.008529002,0.030031403,July 30 2023
30Jul_20,8,30Jul_20_8,9.29,0.021127812,0.034146196,0.005580969,0.005154186,0.022612164,July 30 2023
30Jul_20,9,30Jul_20_9,14.81,0.036859148,0.024275201,0.004731375,0.012495271,0.021230504,July 30 2023
30Jul_20,10,30Jul_20_10,13.8,0.048387777,0.005977379,0.006847863,0.009040342,0.037441963,July 30 2023
30Jul_20,11,30Jul_20_11,9.23,0.031929281,0.029188973,0.010441104,0.004928347,0.019132646,July 30 2023
30Jul_21,1,30Jul_21_1,14.51,0.025063477,0.014021673,0.004179545,0.00312266,0.032555353,July 30 2023
30Jul_21,2,30Jul_21_2,10.58,0.031215918,0.017027893,-0.000778339,0.003915284,0.027196123,July 30 2023
30Jul_21,3,30Jul_21_3,9.98,0.015236156,0.026393749,-0.005198838,0.015663141,0.018495241,July 30 2023
30Jul_21,4,30Jul_21_4,12.3,0.02670874,0.022011344,-0.003272269,0.014864718,0.022893391,July 30 2023
30Jul_21,5,30Jul_21_5,11.22,0.026663264,0.023800673,0.003204244,0.01573718,0.005713841,July 30 2023
30Jul_21,6,30Jul_21_6,10.38,0.033777619,0.032708579,-0.001236538,0.006072118,0.029160611,July 30 2023
30Jul_21,7,30Jul_21_7,11.41,0.021349708,0.024810785,0.003262194,0.006182848,0.025433721,July 30 2023
30Jul_21,8,30Jul_21_8,9.7,0.037134324,0.010147759,0.00475062,0.0116338,0.003685362,July 30 2023
30Jul_21,9,30Jul_21_9,10.42,0.023181195,0.009864218,0.00055317,0.01157545,0.025556364,July 30 2023
30Jul_21,10,30Jul_21_10,11.81,0.01692794,0.016065077,0.005038785,0.008887413,0.031092021,July 30 2023
30Jul_21,11,30Jul_21_11,9.16,0.026217962,0.022854664,0.002859297,0.016795244,0.009457894,July 30 2023
30Jul_19,11,30Jul_19_11,8.13,0.024817724,0.016851886,0.005305363,0.003281058,0.027043484,July 30 2023